"type","pos","alt","label"
"~",2832,"G","K856R"
"~",5386,"G","T5386G"
"-",6513,"2","SL2083I"
"~",8393,"A","A2710T"
"~",10449,"A","P3395H"
"-",11288,"8","SGF3675del"
"~",11287,"T","L3674F"
"~",11537,"G","I3758V"
"~",18163,"G","I5967V"
"-",21987,"9","G142D"
"+",22205,"GAGCCAGAA","215EPEins"
"~",22578,"A","G339D"
"~",NA,"CT","S371L"
"~",22686,"T","S375F"
"~",22898,"A","G446S"
"~",23040,"G","Q493R"
"~",23048,"A","G496S"
"~",23055,"G","Q498R"
"~",23075,"C","Y505H"
"~",23202,"A","T547K"
"~",24130,"A","N856K"
"~",24424,"T","Q954H"
"~",24469,"A","N969K"
"~",24503,"T","L981F"
"~",26577,"G","Q19E"
"~",27259,"C","A27259C"
"-",28362,"9","ERS31del"
