"mut_nuc","gene","mut_aa","BA.2","BA.1","B.1.1.529","notes","type","pos","alt","lineage"
"T670G","ORF1ab","S135R","Y"," ",""," ","~","670","G","BA.2"
"C2790T","ORF1ab","T842I","Y"," ",""," ","~","2790","T","BA.2"
"A2832G","ORF1ab","K856R"," ","Y",""," ","~","2832","G","BA.1"
"C3037T","nuc","C3037T","","","Y","B.1","~","3037","T","B.1.1.529"
"T5386G","nuc","T5386G","","Y","","","~","5386","G","BA.1"
"G4184A","ORF1ab","G1307S","Y"," ",""," ","~","4184","A","BA.2"
"C4321T","nuc","C4321T","Y"," ",""," ","~","4321","T","BA.2"
"6513_6515del","ORF1ab","SL2083I"," ","Y",""," ","-","6513","3","BA.1"
"G8393A","ORF1ab","A2710T"," ","Y",""," ","~","8393","A","BA.1"
"C9344T","ORF1ab","L3027F","Y"," ",""," ","~","9344","T","BA.2"
"A9424G","nuc","A9424G","Y"," ",""," ","~","9424","G","BA.2"
"C9534T","ORF1ab","T3090I","Y"," ",""," ","~","9534","T","BA.2"
"C9866T","ORF1ab","L3201F","Y","","","Not in CERI-KRISP-K032307","~","9866","T","BA.2"
"C10029T","ORF1ab","T3255I","","","Y"," ","~","10029","T","B.1.1.529"
"C10198T","nuc","C10198T","Y"," ",""," ","~","10198","T","BA.2"
"G10447A","nuc","G10447A","Y"," ",""," ","~","10447","A","BA.2"
"C10449A","ORF1ab","P3395H","","","Y"," ","~","10449","A","B.1.1.529"
"11288_11296del","ORF1ab","SGF3675del","","","Y","The exact position of this deletion is ambigous in nucleotide coordinates","-","11288","9","B.1.1.529"
"T11296G","ORF1ab","F3677L","Y"," ","","depending on the position of the deletion","~","11296","G","BA.2"
"G11287T","ORF1ab","L3674F","","Y","","depending on the position of the deletion","~","11287","T","BA.1"
"A11537G","ORF1ab","I3758V"," ","Y",""," ","~","11537","G","BA.1"
"C12880T","nuc","C12880T","Y"," ",""," ","~","12880","T","BA.2"
"C14408T","ORF1ab","P4715L","","","Y","B.1","~","14408","T","B.1.1.529"
"C15240T","nuc","C15240T"," ","Y",""," ","~","15240","T","BA.1"
"C15714T","nuc","C15714T","Y"," ",""," ","~","15714","T","BA.2"
"C17410T","ORF1ab","R5716C","Y"," ",""," ","~","17410","T","BA.2"
"A18163G","ORF1ab","I5967V","","","Y"," ","~","18163","G","B.1.1.529"
"C19955T","ORF1ab","T6564I","Y"," ",""," ","~","19955","T","BA.2"
"A20055G","nuc","A20055G","Y","","","","~","20055","G","BA.2"
"C21618T","S","T19I","Y"," ",""," ","~","21618","T","BA.2"
"21633_21641del","S","LPPA24S","Y"," ",""," ","-","21633","9","BA.2"
"C21762T","S","A67V"," ","Y",""," ","~","21762","T","BA.1"
"21765_21770del","S","HV69del"," ","Y",""," ","-","21765","6","BA.1"
"C21846T","S","T95I"," ","Y",""," ","~","21846","T","BA.1"
"G21987A (outlier)","S","G142D","","","Y"," ","~","21987","A","B.1.1.529"
"21987_21995 (main)","S","VYY143del","","","Y"," ","-","21987","9","BA.1"
"22194_22196del","S","NL211I"," ","Y",""," ","-","22194","3","BA.1"
"T22200G","S","V213G","Y"," ",""," ","~","22200","G","BA.2"
"22205GAGCCAGAAins","S","215EPEins","","Y","","","+","22205","GAGCCAGAA","BA.1"
"G22578A","S","G339D","","","Y"," ","~","22578","A","B.1.1.529"
"C22674T","S","S371F","Y"," ",""," ","~","22674","T","BA.2"
"T22673C, C22674T","S","S371L"," ","Y",""," ","~",22674,"CT","BA.1"
"T22679C","S","S373P","","","Y"," ","~","22679","C","B.1.1.529"
"C22686T","S","S375F","","","Y"," ","~","22686","T","B.1.1.529"
"A22688G","S","T376A","Y"," ",""," ","~","22688","G","BA.2"
"G22775A","S","D405N","Y"," ",""," ","~","22775","A","BA.2"
"A22786T","S","R408S","Y"," ",""," ","~","22786","T","BA.2"
"G22813T","S","K417N","","","Y"," ","~","22813","T","B.1.1.529"
"T22882G","S","N440K","","","Y"," ","~","22882","G","B.1.1.529"
"G22898A","S","G446S"," ","Y",""," ","~","22898","A","BA.1"
"G22992A","S","S477N","","","Y"," ","~","22992","A","B.1.1.529"
"C22995A","S","T478K","","","Y"," ","~","22995","A","B.1.1.529"
"A23013C","S","E484A","","","Y"," ","~","23013","C","B.1.1.529"
"A23040G","S","Q493R","","","Y"," ","~","23040","G","B.1.1.529"
"G23048A","S","G496S"," ","Y",""," ","~","23048","A","BA.1"
"A23055G","S","Q498R","","","Y"," ","~","23055","G","B.1.1.529"
"A23063T","S","N501Y","","","Y"," ","~","23063","T","B.1.1.529"
"T23075C","S","Y505H","","","Y"," ","~","23075","C","B.1.1.529"
"C23202A","S","T547K"," ","Y",""," ","~","23202","A","BA.1"
"A23403G","S","D614G","","","Y","B.1","~","23403","G","B.1.1.529"
"C23525T","S","H655Y","","","Y"," ","~","23525","T","B.1.1.529"
"T23599G","S","N679K","","","Y"," ","~","23599","G","B.1.1.529"
"C23604A","S","P681H","","","Y"," ","~","23604","A","B.1.1.529"
"C23854A","S","N764K","","","Y"," ","~","23854","A","B.1.1.529"
"G23948T","S","D796Y","","","Y"," ","~","23948","T","B.1.1.529"
"C24130A","S","N856K"," ","Y",""," ","~","24130","A","BA.1"
"A24424T","S","Q954H","","","Y"," ","~","24424","T","B.1.1.529"
"T24469A","S","N969K","","","Y"," ","~","24469","A","B.1.1.529"
"C24503T","S","L981F"," ","Y",""," ","~","24503","T","BA.1"
"C25000T","nuc","C25000T","","","Y"," ","~","25000","T","B.1.1.529"
"C25584T","nuc","C25584T","","","Y","","~","25584","T","B.1.1.529"
"C26060T","ORF3a","T223I","Y"," ",""," ","~","26060","T","BA.2"
"C26270T","E","T9I","","","Y","","~","26270","T","B.1.1.529"
"A26530G","M","D3G"," ","Y","","","~","26530","G","BA.1"
"C26577G","M","Q19E","","","Y","","~","26577","G","B.1.1.529"
"G26709A","M","A63T","","","Y"," ","~","26709","A","B.1.1.529"
"C26858T","nuc","C26858T","Y"," ",""," ","~","26858","T","BA.2"
"A27259C","nuc","A27259C","","","Y"," ","~","27259","C","B.1.1.529"
"G27382C","ORF6","D61L","Y"," ","","(GAT->CTC)","~",27382,"C","BA.2"
"A27383T","ORF6","D61L","Y"," ","","(GAT->CTC)","~",27383,"T","BA.2"
"T27384C","ORF6","D61L","Y"," ","","(GAT->CTC)","~",27384,"C","BA.2"
"C27807T","nuc","C27807T","","","Y"," ","~","27807","T","B.1.1.529"
"A28271T","nuc","A28271T","","","Y","","~","28271","T","B.1.1.529"
"C28311T","N","P13L","","","Y","","~","28311","T","B.1.1.529"
"28362_28370del","N","ERS31del",""," ","Y","","-","28362","9","B.1.1.529"
"G28881A","N","RG203KR","","","Y","(B.1.1.1)","~",28881,"A","B.1.1.529"
"G28882A","N","RG203KR","","","Y","(B.1.1.1)","~",28882,"A","B.1.1.529"
"G28883C","N","RG203KR","","","Y","(B.1.1.1)","~",28883,"C","B.1.1.529"
"A29510C","N","S413R","Y"," ",""," ","~","29510","C","BA.2"
