"","mut_nuc","gene","mut_aa","BA.2","BA.1","B.1.1.529","notes","type","pos","alt","lineage","label"
"1","T670G","ORF1ab","S135R","Y"," ",""," ","~",670,"G","BA.2","~|670|G"
"3","A2832G","ORF1ab","K856R"," ","Y",""," ","~",2832,"G","BA.1","~|2832|G"
"5","T5386G","nuc","T5386G","","Y","","","~",5386,"G","BA.1","~|5386|G"
"6","G4184A","ORF1ab","G1307S","Y"," ",""," ","~",4184,"A","BA.2","~|4184|A"
"8","6513_6515del","ORF1ab","SL2083I"," ","Y",""," ","-",6513,"2","BA.1","-|6513|2"
"9","G8393A","ORF1ab","A2710T"," ","Y",""," ","~",8393,"A","BA.1","~|8393|A"
"11","A9424G","nuc","A9424G","Y"," ",""," ","~",9424,"G","BA.2","~|9424|G"
"15","C10198T","nuc","C10198T","Y"," ",""," ","~",10198,"T","BA.2","~|10198|T"
"17","C10449A","ORF1ab","P3395H","","","Y"," ","~",10449,"A","B.1.1.529","~|10449|A"
"18","11288_11296del","ORF1ab","SGF3675del","","","Y","The exact position of this deletion is ambigous in nucleotide coordinates","-",11288,"8","B.1.1.529","-|11288|8"
"20","G11287T","ORF1ab","L3674F","","Y","","depending on the position of the deletion","~",11287,"T","BA.1","~|11287|T"
"21","A11537G","ORF1ab","I3758V"," ","Y",""," ","~",11537,"G","BA.1","~|11537|G"
"27","A18163G","ORF1ab","I5967V","","","Y"," ","~",18163,"G","B.1.1.529","~|18163|G"
"31","21633_21641del","S","LPPA24S","Y"," ",""," ","-",21633,"9","BA.2","-|21633|9"
"35","G21987A (outlier)","S","G142D","","","Y"," ","G","21987","A","B.1.1.529"
"36","21987_21995","S","VYY143del"," ","Y",""," ","-","21987","9","BA.1"
"38","22205GAGCCAGAAins","S","215EPEins","","Y","","","+",22205,"GAGCCAGAA","BA.1","+|22205|GAGCCAGAA"
"39","G22578A","S","G339D","","","Y"," ","~",22578,"A","B.1.1.529","~|22578|A"
"40","C22674T","S","S371F","Y"," ",""," ","~",22674,"T","BA.2","~|22674|T"
"41","T22673C, C22674T","S","S371L"," ","Y",""," ","~",22674,"CT","BA.1","~|22674|CT"
"43","C22686T","S","S375F","","","Y"," ","~",22686,"T","B.1.1.529","~|22686|T"
"44","A22688G","S","T376A","Y"," ",""," ","~",22688,"G","BA.2","~|22688|G"
"45","G22775A","S","D405N","Y"," ",""," ","~",22775,"A","BA.2","~|22775|A"
"46","A22786T","S","R408S","Y"," ",""," ","~",22786,"T","BA.2","~|22786|T"
"49","G22898A","S","G446S"," ","Y",""," ","~",22898,"A","BA.1","~|22898|A"
"53","A23040G","S","Q493R","","","Y"," ","~",23040,"G","B.1.1.529","~|23040|G"
"54","G23048A","S","G496S"," ","Y",""," ","~",23048,"A","BA.1","~|23048|A"
"55","A23055G","S","Q498R","","","Y"," ","~",23055,"G","B.1.1.529","~|23055|G"
"57","T23075C","S","Y505H","","","Y"," ","~",23075,"C","B.1.1.529","~|23075|C"
"58","C23202A","S","T547K"," ","Y",""," ","~",23202,"A","BA.1","~|23202|A"
"65","C24130A","S","N856K"," ","Y",""," ","~",24130,"A","BA.1","~|24130|A"
"66","A24424T","S","Q954H","","","Y"," ","~",24424,"T","B.1.1.529","~|24424|T"
"67","T24469A","S","N969K","","","Y"," ","~",24469,"A","B.1.1.529","~|24469|A"
"68","C24503T","S","L981F"," ","Y",""," ","~",24503,"T","BA.1","~|24503|T"
"74","C26577G","M","Q19E","","","Y","","~",26577,"G","B.1.1.529","~|26577|G"
"77","A27259C","nuc","A27259C","","","Y"," ","~",27259,"C","B.1.1.529","~|27259|C"
"84","28362_28370del","N","ERS31del",""," ","Y","","-",28362,"9","B.1.1.529","-|28362|9"
"88","A29510C","N","S413R","Y"," ",""," ","~",29510,"C","BA.2","~|29510|C"
