"","aa:orf1a:K856R","5386|G","aa:orf1a:A2710T","aa:orf1a:P3395H","aa:orf1a:I3758V","13195|C","aa:orf1b:I1566V","aa:S:G339D","aa:S:S371P","aa:S:S371F","aa:S:G446S","aa:S:T547K","aa:S:N856K","aa:S:N969K","aa:M:Q19E","27259|C","sample","lab","coldate","site"
"1",NA,NA,NA,NA,0,NA,NA,NA,NA,NA,0,0,15,NA,2,6,"GB2point2","guelph",NA,NA
"2",NA,0,0,0,0,1,NA,0,0,0,0,0,0,0,0,0,"611A","guelph",2021-10-21,NA
"3",NA,0,0,0,0,1,NA,0,0,0,0,0,0,0,0,0,"611B","guelph",2021-10-21,NA
"4",NA,0,0,0,0,0,NA,0,0,0,0,0,0,0,0,0,"611C","guelph",2021-10-21,NA
"5",0,0,0,0,0,0,0,0,0,0,0,0,0,0,0,0,"612A","guelph",2021-10-21,NA
"6",NA,0,0,0,0,0,0,0,0,0,0,0,0,NA,0,0,"612B","guelph",2021-10-21,NA
"7",NA,NA,NA,NA,NA,NA,NA,NA,NA,NA,NA,NA,NA,2,NA,NA,"621A","guelph",2021-10-20,NA
"8",NA,NA,NA,NA,NA,NA,NA,NA,NA,NA,NA,NA,NA,3,NA,NA,"621B","guelph",2021-10-20,NA
"9",NA,NA,NA,NA,NA,NA,NA,NA,NA,NA,NA,NA,NA,2,NA,NA,"621C","guelph",2021-10-20,NA
"10",NA,NA,0,NA,NA,NA,NA,NA,NA,NA,NA,NA,0,1,NA,NA,"621D","guelph",2021-10-20,NA
"11",NA,NA,NA,NA,NA,NA,NA,NA,NA,NA,NA,NA,NA,4,NA,NA,"621E","guelph",2021-10-20,NA
"12",NA,NA,1,NA,NA,NA,5,NA,NA,NA,NA,6,1,0,0,NA,"631B","guelph",2021-10-08,NA
"13",NA,NA,0,NA,NA,NA,3,NA,NA,NA,NA,3,1,0,0,NA,"631C","guelph",2021-10-08,NA
"14",NA,NA,NA,NA,NA,NA,NA,0,1,0,0,NA,2,NA,1,0,"632A","guelph",2021-10-08,NA
"15",NA,NA,NA,NA,NA,NA,NA,0,0,0,NA,NA,3,NA,0,0,"632B","guelph",2021-10-08,NA
"16",NA,NA,NA,NA,NA,NA,NA,0,0,0,NA,NA,1,NA,0,0,"632C","guelph",2021-10-08,NA
"17",0,0,NA,NA,NA,NA,0,0,NA,NA,0,0,NA,0,0,0,"641A","guelph",2021-10-21,NA
"18",0,0,NA,NA,NA,NA,0,0,NA,NA,0,0,NA,0,0,0,"641B","guelph",2021-10-21,NA
"19",0,0,NA,NA,NA,NA,1,0,NA,NA,0,0,NA,0,0,0,"641C","guelph",2021-10-21,NA
"20",0,0,NA,NA,NA,NA,NA,0,NA,NA,NA,NA,NA,0,NA,0,"642A","guelph",2021-10-21,NA
"21",0,0,NA,NA,NA,NA,NA,0,NA,NA,NA,NA,NA,0,NA,0,"642B","guelph",2021-10-21,NA
"22",NA,NA,NA,1,NA,NA,NA,0,0,0,NA,NA,NA,NA,0,NA,"65","guelph",2021-09-21,NA
"23",NA,0,0,NA,NA,NA,NA,NA,NA,NA,0,NA,0,NA,0,0,"66","guelph",2021-09-16,NA
"24",0,0,0,2,1,0,1,0,0,0,0,1,1,1,0,0,"67","guelph",2021-09-17,NA
"25",0,0,1,0,0,1,1,1,0,0,0,0,0,0,1,0,"831","guelph",NA,NA
"26",0,0,1,2,0,1,1,0,1,0,0,0,1,2,0,0,"832","guelph",NA,NA
"27",1,0,0,0,0,1,0,0,0,0,0,0,0,0,0,0,"833","guelph",NA,NA
"28",0,0,0,2,0,3,0,0,0,1,0,1,0,0,0,0,"841","guelph",NA,NA
"29",0,1,0,2,0,2,0,0,0,0,0,1,1,0,0,0,"842","guelph",NA,NA
"30",0,0,0,2,0,3,2,0,0,1,0,4,0,0,0,0,"843","guelph",NA,NA
"31",0,0,0,1,0,2,3,0,1,0,0,0,1,2,1,0,"851","guelph",NA,NA
"32",1,0,1,2,0,2,1,0,5,1,0,0,1,0,0,0,"852","guelph",NA,NA
"33",0,0,1,2,1,4,1,0,0,1,0,1,0,2,0,0,"853","guelph",NA,NA
"34",1,0,0,2,0,9,2,2,0,0,1,0,1,1,0,0,"861","guelph",NA,NA
"35",1,0,0,2,1,10,0,0,1,0,0,0,1,0,1,0,"862","guelph",NA,NA
"36",0,1,1,4,1,7,3,0,0,0,0,0,2,0,0,0,"863","guelph",NA,NA
"37",0,0,0,1,1,3,0,0,2,0,0,0,2,0,0,0,"871","guelph",NA,NA
"38",0,0,1,3,0,2,3,0,1,1,1,0,1,1,0,0,"872","guelph",NA,NA
"39",0,0,1,3,0,2,1,0,1,2,0,0,1,5,0,0,"873","guelph",NA,NA
"40",0,0,0,1,1,6,1,1,2,0,1,0,3,1,1,0,"891","guelph",NA,NA
"41",0,0,1,2,0,1,0,2,2,3,0,0,0,2,1,0,"892","guelph",NA,NA
"42",0,3,0,3,1,3,4,1,1,0,0,0,0,2,1,0,"893","guelph",NA,NA
"43",0,0,0,0,1,3,2,0,0,0,0,0,0,0,0,0,"931","guelph",NA,NA
"44",0,0,0,0,1,5,1,0,0,0,0,1,0,0,0,0,"932","guelph",NA,NA
"45",0,0,1,0,0,0,0,0,0,0,0,2,0,1,0,0,"933","guelph",NA,NA
"46",0,0,0,1,0,2,2,0,0,0,0,1,0,1,0,0,"941","guelph",NA,NA
"47",0,0,1,0,0,5,0,0,0,0,0,1,0,0,0,0,"942","guelph",NA,NA
"48",0,1,1,0,1,3,1,0,0,2,0,3,0,0,0,0,"943","guelph",NA,NA
"49",NA,0,0,0,0,0,0,0,0,0,0,0,0,NA,0,0,"CHWW45-I-v3","waterloo",NA,NA
"50",NA,NA,NA,NA,NA,NA,NA,NA,NA,NA,NA,NA,NA,NA,NA,NA,"LRWRP146-I","waterloo",NA,NA
"51",NA,0,0,0,0,0,NA,NA,NA,NA,NA,NA,0,NA,0,0,"LRWRP153-I","waterloo",NA,NA
"52",NA,0,NA,NA,NA,0,1,0,NA,NA,0,0,NA,NA,0,0,"Queens","waterloo",NA,NA
"53",NA,0,NA,NA,NA,2,1,NA,NA,NA,NA,0,NA,NA,0,NA,"S1-1001-v3","waterloo",NA,NA
"54",NA,0,NA,0,0,0,0,NA,NA,NA,0,0,NA,NA,0,NA,"S1-1002-v3","waterloo",NA,NA
"55",NA,NA,NA,NA,0,0,NA,NA,NA,NA,NA,NA,0,NA,NA,NA,"749M-I-A","waterloo",NA,NA
"56",NA,NA,NA,NA,0,4,NA,NA,NA,NA,NA,NA,NA,NA,NA,NA,"750M-I-A","waterloo",NA,NA
"57",NA,0,NA,NA,NA,1,NA,NA,NA,NA,NA,0,NA,NA,NA,NA,"751M-I-A","waterloo",NA,NA
"58",NA,0,NA,NA,NA,1,0,NA,NA,NA,NA,0,NA,NA,NA,NA,"752M-I-A","waterloo",NA,NA
"59",NA,NA,NA,NA,NA,14,0,NA,NA,NA,NA,0,0,NA,0,NA,"753M-I-A","waterloo",NA,NA
"60",NA,0,NA,NA,NA,0,NA,NA,NA,NA,NA,NA,NA,0,0,NA,"755U-I-A","waterloo",NA,NA
"61",NA,NA,NA,NA,NA,11,NA,NA,NA,NA,NA,NA,0,NA,NA,NA,"756O-I-A","waterloo",NA,NA
"62",NA,NA,NA,NA,NA,1,NA,NA,NA,NA,NA,0,NA,0,NA,NA,"Waterloo-extra-A","waterloo",NA,NA
"63",NA,0,1,NA,NA,0,NA,0,NA,NA,0,0,0,NA,0,0,"NE1-1001","waterloo",NA,NA
"64",NA,0,0,NA,0,1,NA,0,NA,NA,NA,3,0,0,0,0,"NE1-1002","waterloo",NA,NA
"65",NA,0,0,NA,NA,0,NA,0,NA,NA,NA,1,0,NA,0,0,"NE2-1001","waterloo",NA,NA
"66",NA,0,0,NA,NA,0,NA,NA,NA,NA,0,0,0,0,0,0,"NE3-1001","waterloo",NA,NA
"67",NA,0,0,NA,NA,0,NA,0,NA,NA,0,2,0,NA,0,0,"NE4-1001","waterloo",NA,NA
"68",NA,0,0,NA,NA,0,NA,0,NA,NA,0,0,0,0,0,0,"NE4-1002","waterloo",NA,NA
"69",0,0,0,0,0,15,NA,0,NA,NA,1,0,0,NA,0,0,"NE4-1003","waterloo",NA,NA
"70",NA,0,0,NA,0,0,NA,0,NA,NA,0,1,0,NA,0,0,"NE5-1001","waterloo",NA,NA
"71",NA,0,NA,0,0,0,NA,NA,NA,NA,NA,0,0,NA,0,0,"NE5-1002","waterloo",NA,NA
"72",NA,0,1,NA,NA,0,NA,0,NA,NA,0,0,0,0,0,0,"NE5-1003","waterloo",NA,NA
"73",NA,0,0,NA,0,0,NA,0,NA,NA,0,3,0,NA,0,0,"NE6-1001","waterloo",NA,NA
"74",NA,0,0,NA,NA,0,NA,NA,NA,NA,NA,1,0,NA,0,0,"NE6-1002","waterloo",NA,NA
"75",NA,0,NA,NA,0,0,NA,NA,NA,NA,NA,1,0,NA,0,0,"NE7-1002","waterloo",NA,NA
"76",NA,NA,0,NA,NA,0,NA,0,NA,NA,0,0,0,NA,1,0,"NE7-1003","waterloo",NA,NA
"77",NA,0,0,NA,NA,4,0,0,0,0,1,3,0,NA,NA,2,"wwRNA-1","waterloo",NA,NA
"78",1,1,0,NA,NA,43,0,0,2,6,0,20,1,0,NA,20,"wwRNA-2","waterloo",NA,NA
"79",NA,0,1,NA,NA,5,0,0,0,0,0,17,0,0,NA,4,"wwRNA-3","waterloo",NA,NA
"80",0,0,0,NA,NA,14,0,0,0,0,0,4,0,0,NA,3,"wwRNA-7","waterloo",NA,NA
"81",NA,0,0,NA,NA,10,0,1,0,1,2,3,0,NA,0,1,"wwRNA-8","waterloo",NA,NA
"82",NA,NA,NA,NA,NA,NA,NA,0,0,0,NA,0,NA,NA,NA,NA,"C1","western",NA,NA
"83",NA,NA,NA,NA,NA,NA,NA,0,0,0,NA,0,NA,NA,NA,NA,"C2","western",NA,NA
"84",NA,NA,NA,NA,NA,NA,NA,0,0,0,NA,0,NA,NA,NA,NA,"C3","western",NA,NA
"85",NA,NA,NA,NA,NA,NA,NA,0,0,0,NA,0,NA,NA,NA,NA,"C4","western",NA,NA
"86",NA,NA,NA,NA,NA,NA,NA,0,0,0,NA,0,NA,NA,NA,0,"C5","western",NA,NA
"87",NA,NA,NA,NA,NA,NA,NA,0,0,0,NA,0,NA,NA,NA,NA,"C6","western",NA,NA
"88",NA,NA,NA,NA,NA,NA,NA,0,0,0,NA,0,NA,NA,NA,NA,"C7","western",NA,NA
"89",NA,0,NA,NA,NA,NA,NA,0,0,0,NA,0,NA,NA,NA,0,"C8","western",NA,NA
"90",NA,NA,NA,NA,NA,NA,NA,0,0,0,NA,0,NA,NA,NA,NA,"P1","western",NA,NA
"91",NA,NA,NA,NA,NA,NA,NA,0,0,0,0,0,NA,NA,NA,0,"P2","western",NA,NA
"92",NA,NA,NA,NA,NA,NA,NA,0,0,0,NA,0,NA,NA,NA,0,"P3","western",NA,NA
"93",NA,NA,NA,NA,NA,NA,NA,0,0,0,0,0,NA,NA,NA,NA,"P4","western",NA,NA
"94",NA,NA,NA,NA,NA,NA,NA,0,0,0,0,0,NA,NA,NA,0,"P5","western",NA,NA
"95",NA,NA,NA,NA,NA,NA,NA,0,0,0,0,0,NA,NA,NA,NA,"P6","western",NA,NA
"96",NA,NA,NA,NA,NA,NA,NA,0,0,0,NA,0,NA,NA,NA,NA,"P7","western",NA,NA
"97",NA,NA,NA,NA,NA,NA,NA,0,0,0,0,0,NA,NA,NA,NA,"P8","western",NA,NA
"98",NA,NA,NA,NA,NA,NA,NA,0,0,0,NA,0,NA,NA,NA,NA,"Undetermined","western",NA,NA
